{"cameraMode":{"drawMode":0,"name":"Shaded","section":"Shading Mode"},"sceneLighting":true,"audioPlay":false,"sceneViewState":{"m_AlwaysRefresh":false,"showFog":true,"showSkybox":true,"showFlares":true,"showImageEffects":true,"showParticleSystems":true,"showVisualEffectGraphs":true,"m_FxEnabled":true},"in2DMode":false,"pivot":{"x":-0.3345317244529724,"y":-5.7543864250183109,"z":8.451815605163575},"rotation":{"x":0.26069363951683047,"y":-0.15526863932609559,"z":0.04252736270427704,"w":0.9519129395484924},"size":11.415729522705079,"orthographic":false}