{"cameraMode":{"drawMode":0,"name":"Shaded","section":"Shading Mode"},"sceneLighting":true,"audioPlay":false,"sceneViewState":{"m_AlwaysRefresh":false,"showFog":true,"showSkybox":true,"showFlares":true,"showImageEffects":true,"showParticleSystems":true,"showVisualEffectGraphs":true,"m_FxEnabled":true},"in2DMode":false,"pivot":{"x":-1.5019705295562745,"y":1.0761829614639283,"z":0.037689730525016788},"rotation":{"x":0.0586477555334568,"y":-0.7814687490463257,"z":0.07431276887655258,"w":0.6167163848876953},"size":2.6758971214294435,"orthographic":false}