{"cameraMode":{"drawMode":0,"name":"Shaded","section":"Shading Mode"},"sceneLighting":false,"audioPlay":false,"sceneViewState":{"m_AlwaysRefresh":false,"showFog":true,"showSkybox":false,"showFlares":true,"showImageEffects":true,"showParticleSystems":true,"showVisualEffectGraphs":true,"m_FxEnabled":true},"in2DMode":false,"pivot":{"x":2.550607681274414,"y":1.7673838138580323,"z":0.17303353548049928},"rotation":{"x":-0.052905213087797168,"y":0.7917634844779968,"z":-0.06932099163532257,"w":-0.6046556830406189},"size":1.224833607673645,"orthographic":false}